average_rtt,packet_loss,bits_per_second,bu_ratio,retransmits,cpu_host_total,cpu_host_user,cpu_host_system,cpu_remote_total,cpu_remote_user,cpu_remote_system,psnr,ssim_first_value,ssim_second_value,traffic_type
254.41,0.0,5128985.473333489,48.71014526666511,743,1.3195313454083164,0.3102247312152123,1.009306614193104,0.031510939452993,0.031510939452993,0.0,23.383582,0.936066,11.942651,2
254.316,0.0,5145148.803414775,48.54851196585225,604,1.3132060335672016,0.4471787357814787,0.8660241052937487,0.0348121303733544,0.0201608280064903,0.0146543598172745,24.62941,0.955791,13.544906,2
254.615,0.0,4994916.239753381,50.05083760246619,583,1.3051433373928938,0.32684463592002044,0.9782955083210344,0.03160670312880366,0.0,0.03160670312880366,24.381202,0.95576,13.541816,2
