average_rtt,packet_loss,bits_per_second,retransmits,cpu_host_total,cpu_host_user,cpu_host_system,cpu_remote_total,cpu_remote_user,cpu_remote_system,psnr,ssim_first_value,ssim_second_value
254.827,0.0,5376122.214122982,570.0,1.3847410863285696,0.4704966785257826,0.9142412146609404,0.0365067764461348,0.0,0.0365037181587556,24.039462,0.942476,12.401517
253.784,0.0,5119334.744060883,686.0,1.3250696831525473,0.4699247670088095,0.8551449161437377,0.0345668994136564,0.0092090722115129,0.0253608856784674,26.02992,0.961929,14.194106
1833.561,16.2,596187.6210266275,68.0,3.699727193387168,1.2824774447362275,2.417249748650939,0.0101493096219055,0.0101513554412206,0.0,22.111591,0.924443,11.217252
254.772,0.0,5108891.305759409,544.0,1.434381941588382,0.3642899605684334,1.0700919810199487,0.0353782718518391,0.0,0.0353813296108582,24.607324,0.950444,13.049051
254.153,0.0,4956992.193795335,663.0,1.4076154954994886,0.5054662969619365,0.9021491985375522,0.0364762643998816,0.0,0.0364732058501248,23.863122,0.949828,12.99541
254.42,0.0,4693414.214482934,268.0,1.444453054325489,0.4279554504454464,1.0164944097774293,0.029621533591501277,0.029627651846916233,0.0,36.539754,0.993815,22.086792
